,llm_final_run1,llm_final_run2,llm_final_run3,llm_final_run4,llm_full_run1
llm_final_run1,1.0,0.9320058974186285,0.9310697355168475,0.9309542377582823,0.7950253358805829
llm_final_run2,0.9320058974186285,1.0,0.9327990488694007,0.9319511089394619,0.7953071676123991
llm_final_run3,0.9310697355168475,0.9327990488694007,1.0,0.9329491646789883,0.7956637998426836
llm_final_run4,0.9309542377582823,0.9319511089394619,0.9329491646789883,1.0,0.796180475418169
llm_full_run1,0.7950253358805829,0.7953071676123991,0.7956637998426836,0.796180475418169,1.0
