,llm_final_run1,llm_final_run2,llm_final_run3,llm_final_run4,llm_full_run1
llm_final_run1,1.0,0.8773969583425171,0.8765015428697377,0.8774658364558078,0.7273115494820366
llm_final_run2,0.8773969583425171,1.0,0.8776173683050474,0.8773005289839101,0.7270911395195063
llm_final_run3,0.8765015428697377,0.8776173683050474,1.0,0.8781132907207406,0.7270498126515319
llm_final_run4,0.8774658364558078,0.8773005289839101,0.8781132907207406,1.0,0.7288130923517743
llm_full_run1,0.7273115494820366,0.7270911395195063,0.7270498126515319,0.7288130923517743,1.0
