,llm_final_run1,llm_final_run2,llm_final_run3,llm_final_run4,llm_full_run1
llm_final_run1,1.0,0.9413792885167289,0.9404314463968984,0.9402572603579376,0.8087346438265484
llm_final_run2,0.9413792885167289,1.0,0.9422058123106122,0.9413815122580537,0.8089288891848977
llm_final_run3,0.9404314463968984,0.9422058123106122,1.0,0.9424263971335072,0.8093636668336097
llm_final_run4,0.9402572603579376,0.9413815122580537,0.9424263971335072,1.0,0.8098297499655499
llm_full_run1,0.8087346438265484,0.8089288891848977,0.8093636668336097,0.8098297499655499,1.0
