metric,mean,ci95_low,ci95_high,plus_minus,n_runs
precision,0.7916038815094625,0.7778828968612019,0.805324866157723,0.013720984648260548,5
recall,0.40508047468368397,0.28282510623762247,0.5273358431297455,0.1222553684460615,5
micro_f1,0.5301198134791121,0.43781223688305754,0.6224273900751667,0.09230757659605457,5
macro_f1,0.4597827189749575,0.3962489988073086,0.5233164391426064,0.06353372016764891,5
