model,n_chunks,gold,pred,correct,precision,recall,micro_f1,macro_f1,boot_precision_low,boot_precision_high,boot_recall_low,boot_recall_high,boot_micro_f1_low,boot_micro_f1_high,boot_macro_f1_low,boot_macro_f1_high,n_runs,precision_ci_low,precision_ci_high,precision_pm,recall_ci_low,recall_ci_high,recall_pm,micro_f1_ci_low,micro_f1_ci_high,micro_f1_pm,macro_f1_ci_low,macro_f1_ci_high,macro_f1_pm
llm,72592,226593.0,116291.4,91788.4,0.7916038815094625,0.40508047468368397,0.5301198134791121,0.4597827189749575,0.7778828968612019,0.805324866157723,0.28282510623762247,0.5273358431297455,0.43781223688305754,0.6224273900751667,0.3962489988073086,0.5233164391426064,5.0,0.7778828968612019,0.805324866157723,0.013720984648260548,0.28282510623762247,0.5273358431297455,0.1222553684460615,0.43781223688305754,0.6224273900751667,0.09230757659605457,0.3962489988073086,0.5233164391426064,0.06353372016764891
gliner,72592,226593.0,20621.0,18222.0,0.8836622860191068,0.08041731209701977,0.1474188355028437,0.046355321624589566,0.8797980881027755,0.8881112318736,0.0789776209791249,0.08223284325978278,0.1449898158158039,0.1504211509269728,0.04432313390965068,0.04821615560520004,,,,,,,,,,,,,
