model,dataset,gold,pred,correct,precision,recall,f1,macro_f1
llm,coner,206713,300289,152190,0.506811771326955,0.7362381659595671,0.6003526613307245,0.3803332067231732
gliner,coner,206713,270796,129971,0.4799590835905996,0.628750973572054,0.5443708914386953,0.32122814628177476
gliner,nerd,74944,133672,63952,0.47842480100544615,0.85333048676345,0.6131073359665606,0.185900201134253
llm,nerd,74944,117636,39898,0.33916488149886087,0.5323708368915457,0.4143524768927199,0.15195071936316007
llm,scier,269,448,206,0.45982142857142855,0.7657992565055762,0.5746164574616457,0.134640522875817
gliner,scier,269,383,71,0.185378590078329,0.26394052044609667,0.2177914110429448,0.04646596858638744
