model,gold,pred,correct,precision,recall,f1,macro_f1
gliner,281926,404851,193994,0.47917381950396565,0.6881025517334336,0.5649402935741878,0.4424886717627009
llm,281926,418373,192294,0.4596233504552158,0.682072600611508,0.5491768516019586,0.4882846285228173
