{"base-llm": 2775.6463091373444, "gliner": 80.32999205589294}