{"base-llm": 2609.6693077087402, "gliner": 85.01947069168091}