{"base-llm": 4580.887079000473, "gliner": 305.81488490104675}