{"base-llm": 2818.44890165329, "gliner": 99.48936700820923}