{"base-llm": 4972.142924070358, "gliner": 189.85681128501892}