{"base-llm": 2691.3558917045593, "gliner": 116.39412021636963}