model,dataset,gold,pred,correct,precision,recall,f1,macro_f1
gliner,coner,206713,141205,99568,0.7051308381431253,0.48167265725909836,0.5723647526141218,0.3048024042126648
gliner,nerd,74944,77974,44216,0.5670608151435094,0.5899871904355252,0.5782968649864633,0.2104137953083963
gliner,scier,269,42,17,0.40476190476190477,0.06319702602230483,0.10932475884244373,0.023776223776223772
