model,bucket,gold,pred,correct,precision,recall,f1
gliner,4-7,90280,84581,48474,0.5731074354760526,0.536929552503323,0.5544289464202995
gliner,16-30,60122,39860,28296,0.709884596086302,0.47064302584744355,0.5660218839391091
gliner,8-15,117515,88809,63642,0.7166165591325203,0.5415649066076671,0.6169132044745158
gliner,31+,6732,2557,1468,0.5741102854908096,0.21806298276886513,0.3160727742491119
gliner,1-3,7277,3414,1921,0.5626830697129467,0.26398241033392883,0.3593676924515948
