model,label,gold,pred,correct,precision,recall,f1
gliner,Person,85476,74331,58827,0.7914194615974492,0.6882282746033974,0.7362255720963412
gliner,Time,63404,58440,36326,0.6215947980835045,0.5729291527348432,0.596270641147697
gliner,Location,50370,48465,25085,0.5175900134117404,0.4980146912844947,0.507613699600344
gliner,Organization,32481,23138,12824,0.5542397787189904,0.39481543055940393,0.4611373811107715
gliner,Creative Work,32135,4299,2444,0.5685043033263549,0.07605414656916135,0.1341603996267223
gliner,Event,11540,9963,7890,0.7919301415236375,0.6837088388214905,0.7338510905455052
gliner,Software,6251,568,388,0.6830985915492958,0.06207006878899376,0.11379967737204867
gliner,Dataset,269,17,17,1.0,0.06319702602230483,0.11888111888111887
