model,labels,mean_f1,std_f1,cv_f1
gliner,8,0.42524244754756857,0.2512111990268808,0.5907481731319397
