model,gold,pred,correct,precision,recall,f1,macro_f1
gliner,281926,219221,143801,0.6559636166243198,0.5100664713435441,0.573887502070251,0.4252424475475686
