metric,mean,ci95_low,ci95_high,plus_minus,n_runs
precision,0.5551287506342267,0.5390243329278899,0.5712331683405636,0.01610441770633686,5
recall,0.4572552877520905,0.33901274671201287,0.5754978287921682,0.11824254104007764,5
micro_f1,0.49663206699024876,0.4416460591197834,0.5516180748607141,0.05498600787046537,5
macro_f1,0.4072003282695362,0.36967450243972916,0.4447261540993433,0.03752582582980707,5
