model,n_chunks,gold,pred,correct,precision,recall,micro_f1,macro_f1,boot_precision_low,boot_precision_high,boot_recall_low,boot_recall_high,boot_micro_f1_low,boot_micro_f1_high,boot_macro_f1_low,boot_macro_f1_high,n_runs,precision_ci_low,precision_ci_high,precision_pm,recall_ci_low,recall_ci_high,recall_pm,micro_f1_ci_low,micro_f1_ci_high,micro_f1_pm,macro_f1_ci_low,macro_f1_ci_high,macro_f1_pm
llm,72592,150442.0,124471.0,68790.4,0.5551287506342267,0.4572552877520905,0.49663206699024876,0.4072003282695362,0.5390243329278899,0.5712331683405636,0.33901274671201287,0.5754978287921682,0.4416460591197834,0.5516180748607141,0.36967450243972916,0.4447261540993433,5.0,0.5390243329278899,0.5712331683405636,0.01610441770633686,0.33901274671201287,0.5754978287921682,0.11824254104007764,0.4416460591197834,0.5516180748607141,0.05498600787046537,0.36967450243972916,0.4447261540993433,0.03752582582980707
gliner,72592,150442.0,313913.0,108811.0,0.3466278873445827,0.7232754151101422,0.46865437004016325,0.26457416970919245,0.3439503107981971,0.3494362601012169,0.7199620152016651,0.7269747697476586,0.46597392722826836,0.4715067988876063,0.25974544313349407,0.2700797567132078,,,,,,,,,,,,,
