{"base-llm": 1119.2791194915771, "gliner": 33.68987727165222}