{"base-llm": 3516.280268907547, "gliner": 185.66058325767517}