{"base-llm": 4153.337252855301, "gliner": 195.8348307609558}