{"base-llm": 7970.50771188736, "gliner": 296.51700019836426}