{"base-llm": 8404.449591875076, "gliner": 538.5404682159424}