{"base-llm": 2373.281462907791, "gliner": 87.24139642715454}