{"base-llm": 2362.6605246067047, "gliner": 68.24141097068787}