{"base-llm": 5566.405265569687, "gliner": 281.5706787109375}