{"base-llm": 3291.8006041049957, "gliner": 101.76262760162354}