{"base-llm": 6144.468354940414, "gliner": 506.4742081165314}