{"base-llm": 2042.2801411151886, "gliner": 86.0340051651001}