{"base-llm": 5105.225771665573, "gliner": 352.48955178260803}