{"base-llm": 6175.575403213501, "gliner": 244.96993565559387}