{"base-llm": 2914.9366726875305, "gliner": 125.66058444976807}