,llm_final_run1,llm_final_run2,llm_final_run3,llm_final_run4,llm_full_run1
llm_final_run1,1.0,0.8881281683932114,0.8876873484681508,0.8886929689221953,0.7352049812651532
llm_final_run2,0.8881281683932114,1.0,0.8886516420542209,0.8882934758651091,0.7345850782455366
llm_final_run3,0.8876873484681508,0.8886516420542209,1.0,0.889436852545735,0.7353014106237602
llm_final_run4,0.8886929689221953,0.8882934758651091,0.889436852545735,1.0,0.7366238703989421
llm_full_run1,0.7352049812651532,0.7345850782455366,0.7353014106237602,0.7366238703989421,1.0
