,llm_final_run1,llm_final_run2,llm_final_run3,llm_final_run4,llm_full_run1
llm_final_run1,1.0,0.9357862223907412,0.9349480659758431,0.9350788466993303,0.7983089220525512
llm_final_run2,0.9357862223907412,1.0,0.9365650762614584,0.9355858999308019,0.7984374261965826
llm_final_run3,0.9349480659758431,0.9365650762614584,1.0,0.9367602321067122,0.7988428973189794
llm_final_run4,0.9350788466993303,0.9355858999308019,0.9367602321067122,1.0,0.799486189326868
llm_full_run1,0.7983089220525512,0.7984374261965826,0.7988428973189794,0.799486189326868,1.0
