,llm_final_run1,llm_final_run2,llm_final_run3,llm_final_run4,llm_full_run1
llm_final_run1,1.0,0.9439306382636247,0.9430461099961565,0.9430880737685654,0.8110195553925865
llm_final_run2,0.9439306382636247,1.0,0.9447775949511378,0.9437553762718025,0.811143906724487
llm_final_run3,0.9430461099961565,0.9447775949511378,1.0,0.9449212617345554,0.8115578189288917
llm_final_run4,0.9430880737685654,0.9437553762718025,0.9449212617345554,1.0,0.812208292185777
llm_full_run1,0.8110195553925865,0.811143906724487,0.8115578189288917,0.812208292185777,1.0
