metric,mean,ci95_low,ci95_high,plus_minus,n_runs
precision,0.771932184771128,0.7629693968563487,0.7808949726859074,0.008962787914779335,5
recall,0.4232805073413565,0.3043992280123874,0.5421617866703257,0.11888127932896914,5
micro_f1,0.5416845642891427,0.45483583149778545,0.6285332970804999,0.08684873279135721,5
macro_f1,0.47454233655104056,0.4197556892919778,0.5293289838101033,0.05478664725906274,5
