model,n_chunks,gold,pred,correct,precision,recall,micro_f1,macro_f1,boot_precision_low,boot_precision_high,boot_recall_low,boot_recall_high,boot_micro_f1_low,boot_micro_f1_high,boot_macro_f1_low,boot_macro_f1_high,n_runs,precision_ci_low,precision_ci_high,precision_pm,recall_ci_low,recall_ci_high,recall_pm,micro_f1_ci_low,micro_f1_ci_high,micro_f1_pm,macro_f1_ci_low,macro_f1_ci_high,macro_f1_pm
gliner,72592,226593.0,313913.0,158324.0,0.5043563025424241,0.6987153177723937,0.5858362349354124,0.3255851240717253,0.5018395957982548,0.507208717013621,0.6951745130179454,0.7017910385978261,0.5836070658031415,0.5881222214546512,0.3198833590210916,0.3304505070454825,,,,,,,,,,,,,
llm,72592,226593.0,124471.0,95912.4,0.771932184771128,0.4232805073413565,0.5416845642891427,0.47454233655104056,0.7629693968563487,0.7808949726859074,0.3043992280123874,0.5421617866703257,0.45483583149778545,0.6285332970804999,0.4197556892919778,0.5293289838101033,5.0,0.7629693968563487,0.7808949726859074,0.008962787914779335,0.3043992280123874,0.5421617866703257,0.11888127932896914,0.45483583149778545,0.6285332970804999,0.08684873279135721,0.4197556892919778,0.5293289838101033,0.05478664725906274
