model,labels,mean_f1,std_f1,cv_f1
gliner,8,0.4424886717627009,0.20284248943280495,0.45841284167741564
llm,8,0.4882846285228173,0.16109145396574376,0.3299130149828504
