{"base-llm": 3951.867800474167, "gliner": 104.35623002052307}