{"base-llm": 4287.625129938126, "gliner": 109.15178370475769}