{"base-llm": 2565.3604757785797, "gliner": 136.28628158569336}