{"base-llm": 12450.886314153671, "gliner": 551.4347522258759}