{"base-llm": 4518.336796045303, "gliner": 185.4123044013977}