{"base-llm": 15701.519388914108, "gliner": 1139.1705787181854}