{"base-llm": 6169.993501186371, "gliner": 297.2947573661804}